"TENANT_NAME","FILE_ID","USAGE_INTERVAL_START","NUM_ROWS","UPDATE_DATE","AGENT_VERSION"
"melanie","0001000000183522",24-APR-20 12.00.00,7,14-MAY-20 10.36.30,"20.05.11"
"melanie","0001000000183522",24-APR-20 13.00.00,7,14-MAY-20 10.36.30,"20.05.11"
"melanie","0001000000183522",24-APR-20 14.00.00,7,14-MAY-20 10.36.30,"20.05.11"
"melanie","0001000000183522",24-APR-20 15.00.00,7,14-MAY-20 10.36.30,"20.05.11"
"melanie","0001000000183522",24-APR-20 16.00.00,7,14-MAY-20 10.36.30,"20.05.11"
"melanie","0001000000183522",24-APR-20 17.00.00,7,14-MAY-20 10.36.30,"20.05.11"
"melanie","0001000000183522",24-APR-20 18.00.00,7,14-MAY-20 10.36.30,"20.05.11"
"melanie","0001000000183522",24-APR-20 19.00.00,7,14-MAY-20 10.36.30,"20.05.11"
"melanie","0001000000183522",24-APR-20 20.00.00,7,14-MAY-20 10.36.30,"20.05.11"
"melanie","0001000000183522",24-APR-20 21.00.00,7,14-MAY-20 10.36.30,"20.05.11"
"melanie","0001000000183522",24-APR-20 22.00.00,7,14-MAY-20 10.36.30,"20.05.11"
"melanie","0001000000183522",24-APR-20 23.00.00,7,14-MAY-20 10.36.30,"20.05.11"
"melanie","0001000000183522",25-APR-20 00.00.00,7,14-MAY-20 10.36.30,"20.05.11"
"melanie","0001000000183522",25-APR-20 01.00.00,7,14-MAY-20 10.36.30,"20.05.11"
"melanie","0001000000183522",25-APR-20 02.00.00,7,14-MAY-20 10.36.30,"20.05.11"
"melanie","0001000000184170",25-APR-20 03.00.00,7,14-MAY-20 10.36.30,"20.05.11"
"melanie","0001000000184170",25-APR-20 04.00.00,7,14-MAY-20 10.36.30,"20.05.11"
"melanie","0001000000184170",25-APR-20 05.00.00,7,14-MAY-20 10.36.30,"20.05.11"
"melanie","0001000000184170",25-APR-20 06.00.00,7,14-MAY-20 10.36.30,"20.05.11"
"melanie","0001000000184170",25-APR-20 07.00.00,7,14-MAY-20 10.36.30,"20.05.11"
"melanie","0001000000184170",25-APR-20 08.00.00,7,14-MAY-20 10.36.30,"20.05.11"
"melanie","0001000000184170",25-APR-20 09.00.00,7,14-MAY-20 10.36.30,"20.05.11"
"melanie","0001000000184170",25-APR-20 10.00.00,7,14-MAY-20 10.36.30,"20.05.11"
"melanie","0001000000184170",25-APR-20 11.00.00,7,14-MAY-20 10.36.30,"20.05.11"
"melanie","0001000000184170",25-APR-20 12.00.00,7,14-MAY-20 10.36.30,"20.05.11"
"melanie","0001000000184170",25-APR-20 13.00.00,7,14-MAY-20 10.36.30,"20.05.11"
"melanie","0001000000184170",25-APR-20 14.00.00,7,14-MAY-20 10.36.30,"20.05.11"
"melanie","0001000000184170",25-APR-20 15.00.00,7,14-MAY-20 10.36.30,"20.05.11"
"melanie","0001000000184170",25-APR-20 16.00.00,7,14-MAY-20 10.36.30,"20.05.11"
"melanie","0001000000184170",25-APR-20 17.00.00,7,14-MAY-20 10.36.30,"20.05.11"
"melanie","0001000000184170",25-APR-20 18.00.00,7,14-MAY-20 10.36.30,"20.05.11"
"melanie","0001000000184170",25-APR-20 19.00.00,7,14-MAY-20 10.36.30,"20.05.11"
"melanie","0001000000184170",25-APR-20 20.00.00,7,14-MAY-20 10.36.30,"20.05.11"
"melanie","0001000000184170",25-APR-20 21.00.00,7,14-MAY-20 10.36.30,"20.05.11"
"melanie","0001000000184170",25-APR-20 22.00.00,7,14-MAY-20 10.36.30,"20.05.11"
"melanie","0001000000184170",25-APR-20 23.00.00,7,14-MAY-20 10.36.30,"20.05.11"
"melanie","0001000000184170",26-APR-20 00.00.00,7,14-MAY-20 10.36.30,"20.05.11"
"melanie","0001000000184170",26-APR-20 01.00.00,7,14-MAY-20 10.36.30,"20.05.11"
"melanie","0001000000184170",26-APR-20 02.00.00,7,14-MAY-20 10.36.30,"20.05.11"
"melanie","0001000000184830",26-APR-20 03.00.00,7,14-MAY-20 10.36.30,"20.05.11"
"melanie","0001000000184830",26-APR-20 04.00.00,7,14-MAY-20 10.36.30,"20.05.11"
"melanie","0001000000184830",26-APR-20 05.00.00,7,14-MAY-20 10.36.30,"20.05.11"
"melanie","0001000000184830",26-APR-20 06.00.00,7,14-MAY-20 10.36.30,"20.05.11"
"melanie","0001000000184830",26-APR-20 07.00.00,7,14-MAY-20 10.36.30,"20.05.11"
"melanie","0001000000184830",26-APR-20 08.00.00,7,14-MAY-20 10.36.30,"20.05.11"
"melanie","0001000000184830",26-APR-20 09.00.00,7,14-MAY-20 10.36.30,"20.05.11"
"melanie","0001000000184830",26-APR-20 10.00.00,7,14-MAY-20 10.36.30,"20.05.11"
"melanie","0001000000184830",26-APR-20 11.00.00,7,14-MAY-20 10.36.30,"20.05.11"
"melanie","0001000000184830",26-APR-20 12.00.00,7,14-MAY-20 10.36.30,"20.05.11"
"melanie","0001000000184830",26-APR-20 13.00.00,7,14-MAY-20 10.36.30,"20.05.11"
"melanie","0001000000184830",26-APR-20 14.00.00,7,14-MAY-20 10.36.30,"20.05.11"
"melanie","0001000000184830",26-APR-20 15.00.00,7,14-MAY-20 10.36.30,"20.05.11"
"melanie","0001000000184830",26-APR-20 16.00.00,7,14-MAY-20 10.36.30,"20.05.11"
"melanie","0001000000184830",26-APR-20 17.00.00,7,14-MAY-20 10.36.30,"20.05.11"
"melanie","0001000000184830",26-APR-20 18.00.00,7,14-MAY-20 10.36.30,"20.05.11"
"melanie","0001000000184830",26-APR-20 19.00.00,7,14-MAY-20 10.36.30,"20.05.11"
"melanie","0001000000184830",26-APR-20 20.00.00,7,14-MAY-20 10.36.30,"20.05.11"
"melanie","0001000000184830",26-APR-20 21.00.00,7,14-MAY-20 10.36.30,"20.05.11"
"melanie","0001000000184830",26-APR-20 22.00.00,7,14-MAY-20 10.36.30,"20.05.11"
"melanie","0001000000184830",26-APR-20 23.00.00,7,14-MAY-20 10.36.30,"20.05.11"
"melanie","0001000000184830",27-APR-20 00.00.00,7,14-MAY-20 10.36.30,"20.05.11"
"melanie","0001000000184830",27-APR-20 01.00.00,7,14-MAY-20 10.36.30,"20.05.11"
"melanie","0001000000184830",27-APR-20 02.00.00,7,14-MAY-20 10.36.30,"20.05.11"
"melanie","0001000000185503",27-APR-20 03.00.00,7,14-MAY-20 10.36.30,"20.05.11"
"melanie","0001000000185503",27-APR-20 04.00.00,7,14-MAY-20 10.36.30,"20.05.11"
"melanie","0001000000185503",27-APR-20 05.00.00,7,14-MAY-20 10.36.30,"20.05.11"
"melanie","0001000000185503",27-APR-20 06.00.00,7,14-MAY-20 10.36.30,"20.05.11"
"melanie","0001000000188200",01-MAY-20 05.00.00,7,14-MAY-20 10.36.30,"20.05.11"
"melanie","0001000000188200",01-MAY-20 06.00.00,7,14-MAY-20 10.36.30,"20.05.11"
"melanie","0001000000188200",01-MAY-20 07.00.00,7,14-MAY-20 10.36.30,"20.05.11"
"melanie","0001000000188200",01-MAY-20 08.00.00,7,14-MAY-20 10.36.30,"20.05.11"
"melanie","0001000000188200",01-MAY-20 09.00.00,7,14-MAY-20 10.36.30,"20.05.11"
"melanie","0001000000188200",01-MAY-20 10.00.00,7,14-MAY-20 10.36.30,"20.05.11"
"melanie","0001000000188200",01-MAY-20 11.00.00,7,14-MAY-20 10.36.30,"20.05.11"
"melanie","0001000000188200",01-MAY-20 12.00.00,7,14-MAY-20 10.36.30,"20.05.11"
"melanie","0001000000188200",01-MAY-20 13.00.00,7,14-MAY-20 10.36.30,"20.05.11"
"melanie","0001000000188200",01-MAY-20 14.00.00,7,14-MAY-20 10.36.30,"20.05.11"
"melanie","0001000000188200",01-MAY-20 15.00.00,7,14-MAY-20 10.36.30,"20.05.11"
"melanie","0001000000188200",01-MAY-20 16.00.00,7,14-MAY-20 10.36.30,"20.05.11"
"melanie","0001000000188200",01-MAY-20 17.00.00,7,14-MAY-20 10.36.30,"20.05.11"
"melanie","0001000000188200",01-MAY-20 18.00.00,7,14-MAY-20 10.36.30,"20.05.11"
"melanie","0001000000188200",01-MAY-20 19.00.00,7,14-MAY-20 10.36.30,"20.05.11"
"melanie","0001000000188200",01-MAY-20 20.00.00,7,14-MAY-20 10.36.30,"20.05.11"
"melanie","0001000000188200",01-MAY-20 21.00.00,7,14-MAY-20 10.36.30,"20.05.11"
"melanie","0001000000188200",01-MAY-20 22.00.00,7,14-MAY-20 10.36.30,"20.05.11"
"melanie","0001000000188200",01-MAY-20 23.00.00,7,14-MAY-20 10.36.30,"20.05.11"
"melanie","0001000000188200",02-MAY-20 00.00.00,7,14-MAY-20 10.36.30,"20.05.11"
"melanie","0001000000188200",02-MAY-20 01.00.00,7,14-MAY-20 10.36.30,"20.05.11"
"melanie","0001000000188200",02-MAY-20 02.00.00,7,14-MAY-20 10.36.30,"20.05.11"
"melanie","0001000000188896",02-MAY-20 03.00.00,7,14-MAY-20 10.36.30,"20.05.11"
"melanie","0001000000188896",02-MAY-20 04.00.00,7,14-MAY-20 10.36.30,"20.05.11"
"melanie","0001000000188896",02-MAY-20 05.00.00,7,14-MAY-20 10.36.30,"20.05.11"
"melanie","0001000000188896",02-MAY-20 06.00.00,7,14-MAY-20 10.36.30,"20.05.11"
"melanie","0001000000188896",02-MAY-20 07.00.00,7,14-MAY-20 10.36.30,"20.05.11"
"melanie","0001000000188896",02-MAY-20 08.00.00,7,14-MAY-20 10.36.30,"20.05.11"
"melanie","0001000000185503",27-APR-20 07.00.00,7,14-MAY-20 10.36.30,"20.05.11"
"melanie","0001000000185503",27-APR-20 08.00.00,7,14-MAY-20 10.36.30,"20.05.11"
"melanie","0001000000185503",27-APR-20 09.00.00,7,14-MAY-20 10.36.30,"20.05.11"
"melanie","0001000000185503",27-APR-20 10.00.00,7,14-MAY-20 10.36.30,"20.05.11"
"melanie","0001000000185503",27-APR-20 11.00.00,7,14-MAY-20 10.36.30,"20.05.11"
"melanie","0001000000185503",27-APR-20 12.00.00,7,14-MAY-20 10.36.30,"20.05.11"
"melanie","0001000000185503",27-APR-20 13.00.00,7,14-MAY-20 10.36.30,"20.05.11"
"melanie","0001000000185503",27-APR-20 14.00.00,7,14-MAY-20 10.36.30,"20.05.11"
"melanie","0001000000185503",27-APR-20 15.00.00,7,14-MAY-20 10.36.30,"20.05.11"
"melanie","0001000000185503",27-APR-20 16.00.00,7,14-MAY-20 10.36.30,"20.05.11"
"melanie","0001000000185503",27-APR-20 17.00.00,7,14-MAY-20 10.36.30,"20.05.11"
"melanie","0001000000185503",27-APR-20 18.00.00,7,14-MAY-20 10.36.30,"20.05.11"
"melanie","0001000000185503",27-APR-20 19.00.00,7,14-MAY-20 10.36.30,"20.05.11"
"melanie","0001000000185503",27-APR-20 20.00.00,7,14-MAY-20 10.36.30,"20.05.11"
"melanie","0001000000185503",27-APR-20 21.00.00,7,14-MAY-20 10.36.30,"20.05.11"
"melanie","0001000000185503",27-APR-20 22.00.00,7,14-MAY-20 10.36.30,"20.05.11"
"melanie","0001000000185503",27-APR-20 23.00.00,7,14-MAY-20 10.36.30,"20.05.11"
"melanie","0001000000185503",28-APR-20 00.00.00,7,14-MAY-20 10.36.30,"20.05.11"
"melanie","0001000000185503",28-APR-20 01.00.00,7,14-MAY-20 10.36.30,"20.05.11"
"melanie","0001000000185503",28-APR-20 02.00.00,7,14-MAY-20 10.36.30,"20.05.11"
"melanie","0001000000186171",28-APR-20 03.00.00,7,14-MAY-20 10.36.30,"20.05.11"
"melanie","0001000000186171",28-APR-20 04.00.00,7,14-MAY-20 10.36.30,"20.05.11"
"melanie","0001000000186171",28-APR-20 05.00.00,7,14-MAY-20 10.36.30,"20.05.11"
"melanie","0001000000186171",28-APR-20 06.00.00,7,14-MAY-20 10.36.30,"20.05.11"
"melanie","0001000000186171",28-APR-20 07.00.00,7,14-MAY-20 10.36.30,"20.05.11"
"melanie","0001000000186171",28-APR-20 08.00.00,7,14-MAY-20 10.36.30,"20.05.11"
"melanie","0001000000186171",28-APR-20 09.00.00,7,14-MAY-20 10.36.30,"20.05.11"
"melanie","0001000000186171",28-APR-20 10.00.00,7,14-MAY-20 10.36.30,"20.05.11"
"melanie","0001000000186171",28-APR-20 11.00.00,7,14-MAY-20 10.36.30,"20.05.11"
"melanie","0001000000186171",28-APR-20 12.00.00,7,14-MAY-20 10.36.30,"20.05.11"
"melanie","0001000000186171",28-APR-20 13.00.00,7,14-MAY-20 10.36.30,"20.05.11"
"melanie","0001000000186171",28-APR-20 14.00.00,7,14-MAY-20 10.36.30,"20.05.11"
"melanie","0001000000186171",28-APR-20 15.00.00,7,14-MAY-20 10.36.30,"20.05.11"
"melanie","0001000000186171",28-APR-20 16.00.00,7,14-MAY-20 10.36.30,"20.05.11"
"melanie","0001000000186171",28-APR-20 17.00.00,7,14-MAY-20 10.36.30,"20.05.11"
"melanie","0001000000186171",28-APR-20 18.00.00,7,14-MAY-20 10.36.30,"20.05.11"
"melanie","0001000000186171",28-APR-20 19.00.00,7,14-MAY-20 10.36.30,"20.05.11"
"melanie","0001000000186171",28-APR-20 20.00.00,7,14-MAY-20 10.36.30,"20.05.11"
"melanie","0001000000186171",28-APR-20 21.00.00,7,14-MAY-20 10.36.30,"20.05.11"
"melanie","0001000000186171",28-APR-20 22.00.00,7,14-MAY-20 10.36.30,"20.05.11"
"melanie","0001000000186171",28-APR-20 23.00.00,7,14-MAY-20 10.36.30,"20.05.11"
"melanie","0001000000186171",29-APR-20 00.00.00,7,14-MAY-20 10.36.30,"20.05.11"
"melanie","0001000000186171",29-APR-20 01.00.00,7,14-MAY-20 10.36.30,"20.05.11"
"melanie","0001000000186171",29-APR-20 02.00.00,7,14-MAY-20 10.36.30,"20.05.11"
"melanie","0001000000186839",29-APR-20 03.00.00,7,14-MAY-20 10.36.30,"20.05.11"
"melanie","0001000000186839",29-APR-20 04.00.00,7,14-MAY-20 10.36.30,"20.05.11"
"melanie","0001000000186839",29-APR-20 05.00.00,7,14-MAY-20 10.36.30,"20.05.11"
"melanie","0001000000186839",29-APR-20 06.00.00,7,14-MAY-20 10.36.30,"20.05.11"
"melanie","0001000000186839",29-APR-20 07.00.00,7,14-MAY-20 10.36.30,"20.05.11"
"melanie","0001000000186839",29-APR-20 08.00.00,7,14-MAY-20 10.36.30,"20.05.11"
"melanie","0001000000186839",29-APR-20 09.00.00,7,14-MAY-20 10.36.30,"20.05.11"
"melanie","0001000000186839",29-APR-20 10.00.00,7,14-MAY-20 10.36.30,"20.05.11"
"melanie","0001000000186839",29-APR-20 11.00.00,7,14-MAY-20 10.36.30,"20.05.11"
"melanie","0001000000186839",29-APR-20 12.00.00,7,14-MAY-20 10.36.30,"20.05.11"
"melanie","0001000000186839",29-APR-20 13.00.00,7,14-MAY-20 10.36.30,"20.05.11"
"melanie","0001000000186839",29-APR-20 14.00.00,7,14-MAY-20 10.36.30,"20.05.11"
"melanie","0001000000186839",29-APR-20 15.00.00,7,14-MAY-20 10.36.30,"20.05.11"
"melanie","0001000000186839",29-APR-20 16.00.00,7,14-MAY-20 10.36.30,"20.05.11"
"melanie","0001000000186839",29-APR-20 17.00.00,7,14-MAY-20 10.36.30,"20.05.11"
"melanie","0001000000186839",29-APR-20 18.00.00,7,14-MAY-20 10.36.30,"20.05.11"
"melanie","0001000000186839",29-APR-20 19.00.00,7,14-MAY-20 10.36.30,"20.05.11"
"melanie","0001000000186839",29-APR-20 20.00.00,7,14-MAY-20 10.36.30,"20.05.11"
"melanie","0001000000186839",29-APR-20 21.00.00,7,14-MAY-20 10.36.30,"20.05.11"
"melanie","0001000000186839",29-APR-20 22.00.00,7,14-MAY-20 10.36.30,"20.05.11"
"melanie","0001000000186839",29-APR-20 23.00.00,7,14-MAY-20 10.36.30,"20.05.11"
"melanie","0001000000186839",30-APR-20 00.00.00,7,14-MAY-20 10.36.30,"20.05.11"
"melanie","0001000000186839",30-APR-20 01.00.00,7,14-MAY-20 10.36.30,"20.05.11"
"melanie","0001000000186839",30-APR-20 02.00.00,7,14-MAY-20 10.36.30,"20.05.11"
"melanie","0001000000187520",30-APR-20 03.00.00,7,14-MAY-20 10.36.30,"20.05.11"
"melanie","0001000000187520",30-APR-20 04.00.00,7,14-MAY-20 10.36.30,"20.05.11"
"melanie","0001000000187520",30-APR-20 05.00.00,7,14-MAY-20 10.36.30,"20.05.11"
"melanie","0001000000187520",30-APR-20 06.00.00,7,14-MAY-20 10.36.30,"20.05.11"
"melanie","0001000000187520",30-APR-20 07.00.00,7,14-MAY-20 10.36.30,"20.05.11"
"melanie","0001000000187520",30-APR-20 08.00.00,7,14-MAY-20 10.36.30,"20.05.11"
"melanie","0001000000187520",30-APR-20 09.00.00,7,14-MAY-20 10.36.30,"20.05.11"
"melanie","0001000000187520",30-APR-20 10.00.00,7,14-MAY-20 10.36.30,"20.05.11"
"melanie","0001000000187520",30-APR-20 11.00.00,7,14-MAY-20 10.36.30,"20.05.11"
"melanie","0001000000187520",30-APR-20 12.00.00,7,14-MAY-20 10.36.30,"20.05.11"
"melanie","0001000000187520",30-APR-20 13.00.00,7,14-MAY-20 10.36.30,"20.05.11"
"melanie","0001000000187520",30-APR-20 14.00.00,7,14-MAY-20 10.36.30,"20.05.11"
"melanie","0001000000187520",30-APR-20 15.00.00,7,14-MAY-20 10.36.30,"20.05.11"
"melanie","0001000000187520",30-APR-20 16.00.00,7,14-MAY-20 10.36.30,"20.05.11"
"melanie","0001000000187520",30-APR-20 17.00.00,7,14-MAY-20 10.36.30,"20.05.11"
"melanie","0001000000187520",30-APR-20 18.00.00,7,14-MAY-20 10.36.30,"20.05.11"
"melanie","0001000000187520",30-APR-20 19.00.00,7,14-MAY-20 10.36.30,"20.05.11"
"melanie","0001000000187520",30-APR-20 20.00.00,7,14-MAY-20 10.36.30,"20.05.11"
"melanie","0001000000187520",30-APR-20 21.00.00,7,14-MAY-20 10.36.30,"20.05.11"
"melanie","0001000000187520",30-APR-20 22.00.00,7,14-MAY-20 10.36.30,"20.05.11"
"melanie","0001000000187520",30-APR-20 23.00.00,7,14-MAY-20 10.36.30,"20.05.11"
"melanie","0001000000187520",01-MAY-20 00.00.00,7,14-MAY-20 10.36.30,"20.05.11"
"melanie","0001000000187520",01-MAY-20 01.00.00,7,14-MAY-20 10.36.30,"20.05.11"
"melanie","0001000000187520",01-MAY-20 02.00.00,7,14-MAY-20 10.36.30,"20.05.11"
"melanie","0001000000188200",01-MAY-20 03.00.00,7,14-MAY-20 10.36.30,"20.05.11"
"melanie","0001000000188200",01-MAY-20 04.00.00,7,14-MAY-20 10.36.30,"20.05.11"
"melanie","0001000000188896",02-MAY-20 09.00.00,7,14-MAY-20 10.36.30,"20.05.11"
"melanie","0001000000188896",02-MAY-20 10.00.00,7,14-MAY-20 10.36.30,"20.05.11"
"melanie","0001000000188896",02-MAY-20 11.00.00,7,14-MAY-20 10.36.30,"20.05.11"
"melanie","0001000000188896",02-MAY-20 12.00.00,7,14-MAY-20 10.36.30,"20.05.11"
"melanie","0001000000188896",02-MAY-20 13.00.00,7,14-MAY-20 10.36.30,"20.05.11"
"melanie","0001000000188896",02-MAY-20 14.00.00,7,14-MAY-20 10.36.30,"20.05.11"
"melanie","0001000000188896",02-MAY-20 15.00.00,7,14-MAY-20 10.36.30,"20.05.11"
"melanie","0001000000188896",02-MAY-20 16.00.00,7,14-MAY-20 10.36.30,"20.05.11"
"melanie","0001000000188896",02-MAY-20 17.00.00,7,14-MAY-20 10.36.30,"20.05.11"
"melanie","0001000000188896",02-MAY-20 18.00.00,7,14-MAY-20 10.36.30,"20.05.11"
"melanie","0001000000188896",02-MAY-20 19.00.00,7,14-MAY-20 10.36.30,"20.05.11"
"melanie","0001000000188896",02-MAY-20 20.00.00,7,14-MAY-20 10.36.30,"20.05.11"
"melanie","0001000000188896",02-MAY-20 21.00.00,7,14-MAY-20 10.36.30,"20.05.11"
"melanie","0001000000188896",02-MAY-20 22.00.00,7,14-MAY-20 10.36.30,"20.05.11"
"melanie","0001000000188896",02-MAY-20 23.00.00,7,14-MAY-20 10.36.30,"20.05.11"
"melanie","0001000000188896",03-MAY-20 00.00.00,7,14-MAY-20 10.36.30,"20.05.11"
"melanie","0001000000188896",03-MAY-20 01.00.00,7,14-MAY-20 10.36.30,"20.05.11"
"melanie","0001000000188896",03-MAY-20 02.00.00,7,14-MAY-20 10.36.30,"20.05.11"
"melanie","0001000000189583",03-MAY-20 03.00.00,7,14-MAY-20 10.36.30,"20.05.11"
"melanie","0001000000189583",03-MAY-20 04.00.00,7,14-MAY-20 10.36.30,"20.05.11"
"melanie","0001000000189583",03-MAY-20 05.00.00,7,14-MAY-20 10.36.30,"20.05.11"
"melanie","0001000000189583",03-MAY-20 06.00.00,7,14-MAY-20 10.36.30,"20.05.11"
"melanie","0001000000189583",03-MAY-20 07.00.00,7,14-MAY-20 10.36.30,"20.05.11"
"melanie","0001000000189583",03-MAY-20 08.00.00,7,14-MAY-20 10.36.30,"20.05.11"
"melanie","0001000000189583",03-MAY-20 09.00.00,7,14-MAY-20 10.36.30,"20.05.11"
"melanie","0001000000189583",03-MAY-20 10.00.00,7,14-MAY-20 10.36.30,"20.05.11"
"melanie","0001000000189583",03-MAY-20 11.00.00,7,14-MAY-20 10.36.30,"20.05.11"
"melanie","0001000000189583",03-MAY-20 12.00.00,7,14-MAY-20 10.36.30,"20.05.11"
"melanie","0001000000189583",03-MAY-20 13.00.00,7,14-MAY-20 10.36.30,"20.05.11"
"melanie","0001000000189583",03-MAY-20 14.00.00,7,14-MAY-20 10.36.30,"20.05.11"
"melanie","0001000000189583",03-MAY-20 15.00.00,7,14-MAY-20 10.36.30,"20.05.11"
"melanie","0001000000189583",03-MAY-20 16.00.00,7,14-MAY-20 10.36.30,"20.05.11"
"melanie","0001000000189583",03-MAY-20 17.00.00,7,14-MAY-20 10.36.30,"20.05.11"
"melanie","0001000000189583",03-MAY-20 18.00.00,7,14-MAY-20 10.36.30,"20.05.11"
"melanie","0001000000189583",03-MAY-20 19.00.00,7,14-MAY-20 10.36.30,"20.05.11"
"melanie","0001000000189583",03-MAY-20 20.00.00,7,14-MAY-20 10.36.30,"20.05.11"
"melanie","0001000000189583",03-MAY-20 21.00.00,7,14-MAY-20 10.36.30,"20.05.11"
"melanie","0001000000189583",03-MAY-20 22.00.00,7,14-MAY-20 10.36.30,"20.05.11"
"melanie","0001000000189583",03-MAY-20 23.00.00,7,14-MAY-20 10.36.30,"20.05.11"
"melanie","0001000000189583",04-MAY-20 00.00.00,7,14-MAY-20 10.36.30,"20.05.11"
"melanie","0001000000189583",04-MAY-20 01.00.00,7,14-MAY-20 10.36.30,"20.05.11"
"melanie","0001000000189583",04-MAY-20 02.00.00,7,14-MAY-20 10.36.30,"20.05.11"
"melanie","0001000000190284",04-MAY-20 03.00.00,7,14-MAY-20 10.36.30,"20.05.11"
"melanie","0001000000190284",04-MAY-20 04.00.00,7,14-MAY-20 10.36.30,"20.05.11"
"melanie","0001000000190284",04-MAY-20 05.00.00,7,14-MAY-20 10.36.30,"20.05.11"
"melanie","0001000000190284",04-MAY-20 06.00.00,7,14-MAY-20 10.36.30,"20.05.11"
"melanie","0001000000190284",04-MAY-20 07.00.00,7,14-MAY-20 10.36.30,"20.05.11"
"melanie","0001000000190284",04-MAY-20 08.00.00,7,14-MAY-20 10.36.30,"20.05.11"
"melanie","0001000000190284",04-MAY-20 09.00.00,7,14-MAY-20 10.36.30,"20.05.11"
"melanie","0001000000190284",04-MAY-20 10.00.00,7,14-MAY-20 10.36.30,"20.05.11"
"melanie","0001000000190284",04-MAY-20 11.00.00,7,14-MAY-20 10.36.30,"20.05.11"
"melanie","0001000000190284",04-MAY-20 12.00.00,7,14-MAY-20 10.36.30,"20.05.11"
"melanie","0001000000190284",04-MAY-20 13.00.00,7,14-MAY-20 10.36.30,"20.05.11"
"melanie","0001000000190284",04-MAY-20 14.00.00,7,14-MAY-20 10.36.30,"20.05.11"
"melanie","0001000000190284",04-MAY-20 15.00.00,7,14-MAY-20 10.36.30,"20.05.11"
"melanie","0001000000190284",04-MAY-20 16.00.00,7,14-MAY-20 10.36.30,"20.05.11"
"melanie","0001000000190284",04-MAY-20 17.00.00,7,14-MAY-20 10.36.30,"20.05.11"
"melanie","0001000000190284",04-MAY-20 18.00.00,7,14-MAY-20 10.36.30,"20.05.11"
"melanie","0001000000190284",04-MAY-20 19.00.00,7,14-MAY-20 10.36.30,"20.05.11"
"melanie","0001000000190284",04-MAY-20 20.00.00,7,14-MAY-20 10.36.30,"20.05.11"
"melanie","0001000000190284",04-MAY-20 21.00.00,7,14-MAY-20 10.36.30,"20.05.11"
"melanie","0001000000190284",04-MAY-20 22.00.00,7,14-MAY-20 10.36.30,"20.05.11"
"melanie","0001000000190284",04-MAY-20 23.00.00,7,14-MAY-20 10.36.30,"20.05.11"
"melanie","0001000000190284",05-MAY-20 00.00.00,7,14-MAY-20 10.36.30,"20.05.11"
"melanie","0001000000190284",05-MAY-20 01.00.00,7,14-MAY-20 10.36.30,"20.05.11"
"melanie","0001000000190284",05-MAY-20 02.00.00,7,14-MAY-20 10.36.30,"20.05.11"
"melanie","0001000000190976",05-MAY-20 03.00.00,7,14-MAY-20 10.36.30,"20.05.11"
"melanie","0001000000190976",05-MAY-20 04.00.00,7,14-MAY-20 10.36.30,"20.05.11"
"melanie","0001000000190976",05-MAY-20 05.00.00,7,14-MAY-20 10.36.30,"20.05.11"
"melanie","0001000000190976",05-MAY-20 06.00.00,7,14-MAY-20 10.36.30,"20.05.11"
"melanie","0001000000190976",05-MAY-20 07.00.00,7,14-MAY-20 10.36.30,"20.05.11"
"melanie","0001000000190976",05-MAY-20 08.00.00,7,14-MAY-20 10.36.30,"20.05.11"
"melanie","0001000000190976",05-MAY-20 09.00.00,7,14-MAY-20 10.36.30,"20.05.11"
"melanie","0001000000190976",05-MAY-20 10.00.00,7,14-MAY-20 10.36.30,"20.05.11"
"melanie","0001000000190976",05-MAY-20 11.00.00,7,14-MAY-20 10.36.30,"20.05.11"
"melanie","0001000000190976",05-MAY-20 12.00.00,7,14-MAY-20 10.36.30,"20.05.11"
"melanie","0001000000190976",05-MAY-20 13.00.00,7,14-MAY-20 10.36.30,"20.05.11"
"melanie","0001000000190976",05-MAY-20 14.00.00,7,14-MAY-20 10.36.30,"20.05.11"
"melanie","0001000000190976",05-MAY-20 15.00.00,7,14-MAY-20 10.36.30,"20.05.11"
"melanie","0001000000190976",05-MAY-20 16.00.00,7,14-MAY-20 10.36.30,"20.05.11"
"melanie","0001000000190976",05-MAY-20 17.00.00,7,14-MAY-20 10.36.30,"20.05.11"
"melanie","0001000000190976",05-MAY-20 18.00.00,7,14-MAY-20 10.36.30,"20.05.11"
"melanie","0001000000190976",05-MAY-20 19.00.00,7,14-MAY-20 10.36.30,"20.05.11"
"melanie","0001000000190976",05-MAY-20 20.00.00,7,14-MAY-20 10.36.30,"20.05.11"
"melanie","0001000000190976",05-MAY-20 21.00.00,7,14-MAY-20 10.36.30,"20.05.11"
"melanie","0001000000190976",05-MAY-20 22.00.00,7,14-MAY-20 10.36.30,"20.05.11"
"melanie","0001000000190976",05-MAY-20 23.00.00,7,14-MAY-20 10.36.30,"20.05.11"
"melanie","0001000000190976",06-MAY-20 00.00.00,7,14-MAY-20 10.36.30,"20.05.11"
"melanie","0001000000190976",06-MAY-20 01.00.00,7,14-MAY-20 10.36.30,"20.05.11"
"melanie","0001000000190976",06-MAY-20 02.00.00,7,14-MAY-20 10.36.30,"20.05.11"
"melanie","0001000000191692",06-MAY-20 03.00.00,7,14-MAY-20 10.36.30,"20.05.11"
"melanie","0001000000191692",06-MAY-20 04.00.00,7,14-MAY-20 10.36.30,"20.05.11"
"melanie","0001000000191692",06-MAY-20 05.00.00,7,14-MAY-20 10.36.30,"20.05.11"
"melanie","0001000000191692",06-MAY-20 06.00.00,7,14-MAY-20 10.36.30,"20.05.11"
"melanie","0001000000191692",06-MAY-20 07.00.00,7,14-MAY-20 10.36.30,"20.05.11"
"melanie","0001000000191692",06-MAY-20 08.00.00,7,14-MAY-20 10.36.30,"20.05.11"
"melanie","0001000000191692",06-MAY-20 09.00.00,7,14-MAY-20 10.36.30,"20.05.11"
"melanie","0001000000191692",06-MAY-20 10.00.00,7,14-MAY-20 10.36.30,"20.05.11"
"melanie","0001000000191692",06-MAY-20 11.00.00,7,14-MAY-20 10.36.30,"20.05.11"
"melanie","0001000000191692",06-MAY-20 12.00.00,7,14-MAY-20 10.36.30,"20.05.11"
"melanie","0001000000191692",06-MAY-20 13.00.00,7,14-MAY-20 10.36.30,"20.05.11"
"melanie","0001000000191692",06-MAY-20 14.00.00,7,14-MAY-20 10.36.30,"20.05.11"
"melanie","0001000000191692",06-MAY-20 15.00.00,7,14-MAY-20 10.36.30,"20.05.11"
"melanie","0001000000191692",06-MAY-20 16.00.00,7,14-MAY-20 10.36.30,"20.05.11"
"melanie","0001000000191692",06-MAY-20 17.00.00,7,14-MAY-20 10.36.30,"20.05.11"
"melanie","0001000000191692",06-MAY-20 18.00.00,7,14-MAY-20 10.36.30,"20.05.11"
"melanie","0001000000191692",06-MAY-20 19.00.00,7,14-MAY-20 10.36.30,"20.05.11"
"melanie","0001000000191692",06-MAY-20 20.00.00,7,14-MAY-20 10.36.30,"20.05.11"
"melanie","0001000000191692",06-MAY-20 21.00.00,7,14-MAY-20 10.36.30,"20.05.11"
"melanie","0001000000191692",06-MAY-20 22.00.00,7,14-MAY-20 10.36.30,"20.05.11"
"melanie","0001000000191692",06-MAY-20 23.00.00,7,14-MAY-20 10.36.30,"20.05.11"
"melanie","0001000000191692",07-MAY-20 00.00.00,7,14-MAY-20 10.36.30,"20.05.11"
"melanie","0001000000191692",07-MAY-20 01.00.00,7,14-MAY-20 10.36.30,"20.05.11"
"melanie","0001000000191692",07-MAY-20 02.00.00,7,14-MAY-20 10.36.30,"20.05.11"
"melanie","0001000000192384",07-MAY-20 03.00.00,7,14-MAY-20 10.36.30,"20.05.11"
"melanie","0001000000192384",07-MAY-20 04.00.00,7,14-MAY-20 10.36.30,"20.05.11"
"melanie","0001000000192384",07-MAY-20 05.00.00,7,14-MAY-20 10.36.30,"20.05.11"
"melanie","0001000000192384",07-MAY-20 06.00.00,7,14-MAY-20 10.36.30,"20.05.11"
"melanie","0001000000192384",07-MAY-20 07.00.00,7,14-MAY-20 10.36.30,"20.05.11"
"melanie","0001000000192384",07-MAY-20 08.00.00,7,14-MAY-20 10.36.30,"20.05.11"
"melanie","0001000000192384",07-MAY-20 09.00.00,7,14-MAY-20 10.36.30,"20.05.11"
"melanie","0001000000192384",07-MAY-20 10.00.00,7,14-MAY-20 10.36.30,"20.05.11"
"melanie","0001000000192384",07-MAY-20 11.00.00,7,14-MAY-20 10.36.30,"20.05.11"
"melanie","0001000000192384",07-MAY-20 12.00.00,7,14-MAY-20 10.36.30,"20.05.11"
"melanie","0001000000192384",07-MAY-20 13.00.00,7,14-MAY-20 10.36.30,"20.05.11"
"oraapexdemo","0001000000195382",29-APR-20 18.00.00,221,06-MAY-20 07.38.44,"20.05.04"
"oraapexdemo","0001000000195382",29-APR-20 19.00.00,221,06-MAY-20 07.38.44,"20.05.04"
"oraapexdemo","0001000000195382",29-APR-20 20.00.00,221,06-MAY-20 07.38.44,"20.05.04"
"oraapexdemo","0001000000195382",29-APR-20 21.00.00,221,06-MAY-20 07.38.44,"20.05.04"
"oraapexdemo","0001000000195382",29-APR-20 22.00.00,221,06-MAY-20 07.38.44,"20.05.04"
"oraapexdemo","0001000000195382",29-APR-20 23.00.00,221,06-MAY-20 07.38.44,"20.05.04"
"oraapexdemo","0001000000195382",30-APR-20 00.00.00,221,06-MAY-20 07.38.44,"20.05.04"
"oraapexdemo","0001000000195382",30-APR-20 01.00.00,221,06-MAY-20 07.38.44,"20.05.04"
"oraapexdemo","0001000000195382",30-APR-20 02.00.00,221,06-MAY-20 07.38.44,"20.05.04"
"oraapexdemo","0001000000195382",30-APR-20 03.00.00,221,06-MAY-20 07.38.44,"20.05.04"
"oraapexdemo","0001000000195382",30-APR-20 04.00.00,221,06-MAY-20 07.38.44,"20.05.04"
"oraapexdemo","0001000000195382",30-APR-20 05.00.00,221,06-MAY-20 07.38.44,"20.05.04"
"oraapexdemo","0001000000195382",30-APR-20 06.00.00,221,06-MAY-20 07.38.44,"20.05.04"
"oraapexdemo","0001000000195382",30-APR-20 07.00.00,222,06-MAY-20 07.38.44,"20.05.04"
"oraapexdemo","0001000000195382",30-APR-20 08.00.00,221,06-MAY-20 07.38.44,"20.05.04"
"oraapexdemo","0001000000195382",30-APR-20 09.00.00,221,06-MAY-20 07.38.44,"20.05.04"
"oraapexdemo","0001000000195382",30-APR-20 10.00.00,221,06-MAY-20 07.38.44,"20.05.04"
"oraapexdemo","0001000000196052",30-APR-20 11.00.00,221,06-MAY-20 07.38.44,"20.05.04"
"oraapexdemo","0001000000196052",30-APR-20 12.00.00,222,06-MAY-20 07.38.44,"20.05.04"
"oraapexdemo","0001000000196052",30-APR-20 13.00.00,222,06-MAY-20 07.38.44,"20.05.04"
"oraapexdemo","0001000000196052",30-APR-20 14.00.00,195,06-MAY-20 07.38.44,"20.05.04"
"oraapexdemo","0001000000196052",30-APR-20 15.00.00,189,06-MAY-20 07.38.44,"20.05.04"
"oraapexdemo","0001000000196052",30-APR-20 16.00.00,189,06-MAY-20 07.38.44,"20.05.04"
"oraapexdemo","0001000000196052",30-APR-20 17.00.00,189,06-MAY-20 07.38.44,"20.05.04"
"oraapexdemo","0001000000196052",30-APR-20 18.00.00,189,06-MAY-20 07.38.44,"20.05.04"
"oraapexdemo","0001000000196052",30-APR-20 19.00.00,189,06-MAY-20 07.38.44,"20.05.04"
"oraapexdemo","0001000000196052",30-APR-20 20.00.00,189,06-MAY-20 07.38.44,"20.05.04"
"oraapexdemo","0001000000196052",30-APR-20 21.00.00,189,06-MAY-20 07.38.44,"20.05.04"
"oraapexdemo","0001000000196052",30-APR-20 22.00.00,189,06-MAY-20 07.38.44,"20.05.04"
"oraapexdemo","0001000000196052",30-APR-20 23.00.00,189,06-MAY-20 07.38.44,"20.05.04"
"oraapexdemo","0001000000196052",01-MAY-20 00.00.00,189,06-MAY-20 07.38.44,"20.05.04"
"oraapexdemo","0001000000196052",01-MAY-20 01.00.00,188,06-MAY-20 07.38.44,"20.05.04"
"oraapexdemo","0001000000196052",01-MAY-20 02.00.00,188,06-MAY-20 07.38.44,"20.05.04"
"oraapexdemo","0001000000196052",01-MAY-20 03.00.00,188,06-MAY-20 07.38.44,"20.05.04"
"oraapexdemo","0001000000196052",01-MAY-20 04.00.00,188,06-MAY-20 07.38.44,"20.05.04"
"oraapexdemo","0001000000196052",01-MAY-20 05.00.00,188,06-MAY-20 07.38.44,"20.05.04"
"oraapexdemo","0001000000196052",01-MAY-20 06.00.00,19,06-MAY-20 07.38.44,"20.05.04"
"oraapexdemo","0001000000196052",01-MAY-20 07.00.00,19,06-MAY-20 07.38.44,"20.05.04"
"oraapexdemo","0001000000196052",01-MAY-20 08.00.00,19,06-MAY-20 07.38.44,"20.05.04"
"oraapexdemo","0001000000196052",01-MAY-20 09.00.00,19,06-MAY-20 07.38.44,"20.05.04"
"oraapexdemo","0001000000196052",01-MAY-20 10.00.00,19,06-MAY-20 07.38.44,"20.05.04"
"oraapexdemo","0001000000196748",01-MAY-20 06.00.00,169,06-MAY-20 07.38.44,"20.05.04"
"oraapexdemo","0001000000196748",01-MAY-20 07.00.00,169,06-MAY-20 07.38.44,"20.05.04"
"oraapexdemo","0001000000196748",01-MAY-20 08.00.00,169,06-MAY-20 07.38.44,"20.05.04"
"oraapexdemo","0001000000196748",01-MAY-20 09.00.00,169,06-MAY-20 07.38.44,"20.05.04"
"oraapexdemo","0001000000196748",01-MAY-20 10.00.00,171,06-MAY-20 07.38.44,"20.05.04"
"oraapexdemo","0001000000196748",01-MAY-20 11.00.00,188,06-MAY-20 07.38.44,"20.05.04"
"oraapexdemo","0001000000196748",01-MAY-20 12.00.00,188,06-MAY-20 07.38.44,"20.05.04"
"oraapexdemo","0001000000196748",01-MAY-20 13.00.00,195,06-MAY-20 07.38.44,"20.05.04"
"oraapexdemo","0001000000196748",01-MAY-20 14.00.00,101,06-MAY-20 07.38.44,"20.05.04"
"oraapexdemo","0001000000196748",01-MAY-20 15.00.00,101,06-MAY-20 07.38.44,"20.05.04"
"oraapexdemo","0001000000196748",01-MAY-20 16.00.00,101,06-MAY-20 07.38.44,"20.05.04"
"oraapexdemo","0001000000196748",01-MAY-20 17.00.00,101,06-MAY-20 07.38.44,"20.05.04"
"oraapexdemo","0001000000196748",01-MAY-20 18.00.00,101,06-MAY-20 07.38.44,"20.05.04"
"oraapexdemo","0001000000196748",01-MAY-20 19.00.00,101,06-MAY-20 07.38.44,"20.05.04"
"oraapexdemo","0001000000196748",01-MAY-20 20.00.00,101,06-MAY-20 07.38.44,"20.05.04"
"oraapexdemo","0001000000196748",01-MAY-20 21.00.00,101,06-MAY-20 07.38.44,"20.05.04"
"oraapexdemo","0001000000196748",01-MAY-20 22.00.00,101,06-MAY-20 07.38.44,"20.05.04"
"oraapexdemo","0001000000196748",01-MAY-20 23.00.00,101,06-MAY-20 07.38.44,"20.05.04"
"oraapexdemo","0001000000196748",02-MAY-20 00.00.00,101,06-MAY-20 07.38.44,"20.05.04"
"oraapexdemo","0001000000196748",02-MAY-20 01.00.00,101,06-MAY-20 07.38.44,"20.05.04"
"oraapexdemo","0001000000196748",02-MAY-20 02.00.00,101,06-MAY-20 07.38.44,"20.05.04"
"oraapexdemo","0001000000196748",02-MAY-20 03.00.00,101,06-MAY-20 07.38.44,"20.05.04"
"oraapexdemo","0001000000196748",02-MAY-20 04.00.00,101,06-MAY-20 07.38.44,"20.05.04"
"oraapexdemo","0001000000196748",02-MAY-20 05.00.00,101,06-MAY-20 07.38.44,"20.05.04"
"oraapexdemo","0001000000196748",02-MAY-20 06.00.00,101,06-MAY-20 07.38.44,"20.05.04"
"oraapexdemo","0001000000196748",02-MAY-20 07.00.00,101,06-MAY-20 07.38.44,"20.05.04"
"oraapexdemo","0001000000196748",02-MAY-20 08.00.00,101,06-MAY-20 07.38.44,"20.05.04"
"oraapexdemo","0001000000196748",02-MAY-20 09.00.00,101,06-MAY-20 07.38.44,"20.05.04"
"oraapexdemo","0001000000196748",02-MAY-20 10.00.00,101,06-MAY-20 07.38.44,"20.05.04"
"oraapexdemo","0001000000197430",02-MAY-20 11.00.00,101,06-MAY-20 07.38.44,"20.05.04"
"oraapexdemo","0001000000197430",02-MAY-20 12.00.00,101,06-MAY-20 07.38.44,"20.05.04"
"oraapexdemo","0001000000197430",02-MAY-20 13.00.00,101,06-MAY-20 07.38.44,"20.05.04"
"oraapexdemo","0001000000197430",02-MAY-20 14.00.00,101,06-MAY-20 07.38.44,"20.05.04"
"oraapexdemo","0001000000197430",02-MAY-20 15.00.00,101,06-MAY-20 07.38.44,"20.05.04"
"oraapexdemo","0001000000197430",02-MAY-20 16.00.00,101,06-MAY-20 07.38.44,"20.05.04"
"oraapexdemo","0001000000197430",02-MAY-20 17.00.00,101,06-MAY-20 07.38.44,"20.05.04"
"oraapexdemo","0001000000197430",02-MAY-20 18.00.00,101,06-MAY-20 07.38.44,"20.05.04"
"oraapexdemo","0001000000197430",02-MAY-20 19.00.00,101,06-MAY-20 07.38.44,"20.05.04"
"oraapexdemo","0001000000197430",02-MAY-20 20.00.00,101,06-MAY-20 07.38.44,"20.05.04"
"oraapexdemo","0001000000197430",02-MAY-20 21.00.00,101,06-MAY-20 07.38.44,"20.05.04"
"oraapexdemo","0001000000197430",02-MAY-20 22.00.00,101,06-MAY-20 07.38.44,"20.05.04"
"oraapexdemo","0001000000197430",02-MAY-20 23.00.00,101,06-MAY-20 07.38.44,"20.05.04"
"oraapexdemo","0001000000197430",03-MAY-20 00.00.00,101,06-MAY-20 07.38.44,"20.05.04"
"oraapexdemo","0001000000197430",03-MAY-20 01.00.00,101,06-MAY-20 07.38.44,"20.05.04"
"oraapexdemo","0001000000197430",03-MAY-20 02.00.00,101,06-MAY-20 07.38.44,"20.05.04"
"oraapexdemo","0001000000197430",03-MAY-20 03.00.00,101,06-MAY-20 07.38.44,"20.05.04"
"oraapexdemo","0001000000197430",03-MAY-20 04.00.00,101,06-MAY-20 07.38.44,"20.05.04"
"oraapexdemo","0001000000197430",03-MAY-20 05.00.00,101,06-MAY-20 07.38.44,"20.05.04"
"oraapexdemo","0001000000197430",03-MAY-20 06.00.00,101,06-MAY-20 07.38.44,"20.05.04"
"oraapexdemo","0001000000197430",03-MAY-20 07.00.00,101,06-MAY-20 07.38.44,"20.05.04"
"oraapexdemo","0001000000197430",03-MAY-20 08.00.00,101,06-MAY-20 07.38.44,"20.05.04"
"oraapexdemo","0001000000197430",03-MAY-20 09.00.00,101,06-MAY-20 07.38.44,"20.05.04"
"oraapexdemo","0001000000197430",03-MAY-20 10.00.00,101,06-MAY-20 07.38.44,"20.05.04"
"oraapexdemo","0001000000198110",03-MAY-20 11.00.00,101,06-MAY-20 07.38.44,"20.05.04"
"oraapexdemo","0001000000198110",03-MAY-20 12.00.00,101,06-MAY-20 07.38.44,"20.05.04"
"oraapexdemo","0001000000198110",03-MAY-20 13.00.00,101,06-MAY-20 07.38.44,"20.05.04"
"oraapexdemo","0001000000198110",03-MAY-20 14.00.00,102,06-MAY-20 07.38.44,"20.05.04"
"oraapexdemo","0001000000198110",03-MAY-20 15.00.00,101,06-MAY-20 07.38.44,"20.05.04"
"oraapexdemo","0001000000198110",03-MAY-20 16.00.00,101,06-MAY-20 07.38.44,"20.05.04"
"oraapexdemo","0001000000198110",03-MAY-20 17.00.00,101,06-MAY-20 07.38.44,"20.05.04"
"oraapexdemo","0001000000198110",03-MAY-20 18.00.00,101,06-MAY-20 07.38.44,"20.05.04"
"oraapexdemo","0001000000198110",03-MAY-20 19.00.00,101,06-MAY-20 07.38.44,"20.05.04"
"oraapexdemo","0001000000198110",03-MAY-20 20.00.00,101,06-MAY-20 07.38.44,"20.05.04"
"oraapexdemo","0001000000198110",03-MAY-20 21.00.00,101,06-MAY-20 07.38.44,"20.05.04"
"oraapexdemo","0001000000198110",03-MAY-20 22.00.00,101,06-MAY-20 07.38.44,"20.05.04"
"oraapexdemo","0001000000198110",03-MAY-20 23.00.00,101,06-MAY-20 07.38.44,"20.05.04"
"oraapexdemo","0001000000198110",04-MAY-20 00.00.00,101,06-MAY-20 07.38.44,"20.05.04"
"oraapexdemo","0001000000198110",04-MAY-20 01.00.00,101,06-MAY-20 07.38.44,"20.05.04"
"oraapexdemo","0001000000198110",04-MAY-20 02.00.00,101,06-MAY-20 07.38.44,"20.05.04"
"oraapexdemo","0001000000198110",04-MAY-20 03.00.00,101,06-MAY-20 07.38.44,"20.05.04"
"oraapexdemo","0001000000198110",04-MAY-20 04.00.00,101,06-MAY-20 07.38.44,"20.05.04"
"oraapexdemo","0001000000198110",04-MAY-20 05.00.00,101,06-MAY-20 07.38.44,"20.05.04"
"oraapexdemo","0001000000198110",04-MAY-20 06.00.00,101,06-MAY-20 07.38.44,"20.05.04"
"oraapexdemo","0001000000198110",04-MAY-20 07.00.00,101,06-MAY-20 07.38.44,"20.05.04"
"oraapexdemo","0001000000198110",04-MAY-20 08.00.00,101,06-MAY-20 07.38.44,"20.05.04"
"oraapexdemo","0001000000198110",04-MAY-20 09.00.00,101,06-MAY-20 07.38.44,"20.05.04"
"oraapexdemo","0001000000198110",04-MAY-20 10.00.00,102,06-MAY-20 07.38.44,"20.05.04"
"oraapexdemo","0001000000198795",04-MAY-20 11.00.00,111,06-MAY-20 07.38.44,"20.05.04"
"oraapexdemo","0001000000198795",04-MAY-20 12.00.00,111,06-MAY-20 07.38.44,"20.05.04"
"oraapexdemo","0001000000198795",04-MAY-20 13.00.00,111,06-MAY-20 07.38.44,"20.05.04"
"oraapexdemo","0001000000198795",04-MAY-20 14.00.00,103,06-MAY-20 07.38.44,"20.05.04"
"oraapexdemo","0001000000198795",04-MAY-20 15.00.00,108,06-MAY-20 07.38.44,"20.05.04"
"oraapexdemo","0001000000198795",04-MAY-20 16.00.00,105,06-MAY-20 07.38.44,"20.05.04"
"oraapexdemo","0001000000198795",04-MAY-20 17.00.00,101,06-MAY-20 07.38.44,"20.05.04"
"oraapexdemo","0001000000198795",04-MAY-20 18.00.00,101,06-MAY-20 07.38.44,"20.05.04"
"oraapexdemo","0001000000198795",04-MAY-20 19.00.00,101,06-MAY-20 07.38.44,"20.05.04"
"oraapexdemo","0001000000198795",04-MAY-20 20.00.00,101,06-MAY-20 07.38.44,"20.05.04"
"oraapexdemo","0001000000198795",04-MAY-20 21.00.00,101,06-MAY-20 07.38.44,"20.05.04"
"oraapexdemo","0001000000198795",04-MAY-20 22.00.00,101,06-MAY-20 07.38.44,"20.05.04"
"oraapexdemo","0001000000198795",04-MAY-20 23.00.00,101,06-MAY-20 07.38.44,"20.05.04"
"oraapexdemo","0001000000198795",05-MAY-20 00.00.00,101,06-MAY-20 07.38.44,"20.05.04"
"oraapexdemo","0001000000198795",05-MAY-20 01.00.00,101,06-MAY-20 07.38.44,"20.05.04"
"oraapexdemo","0001000000198795",05-MAY-20 02.00.00,101,06-MAY-20 07.38.44,"20.05.04"
"oraapexdemo","0001000000198795",05-MAY-20 03.00.00,101,06-MAY-20 07.38.44,"20.05.04"
"oraapexdemo","0001000000198795",05-MAY-20 04.00.00,101,06-MAY-20 07.38.44,"20.05.04"
"oraapexdemo","0001000000198795",05-MAY-20 05.00.00,101,06-MAY-20 07.38.44,"20.05.04"
"oraapexdemo","0001000000198795",05-MAY-20 06.00.00,101,06-MAY-20 07.38.44,"20.05.04"
"oraapexdemo","0001000000198795",05-MAY-20 07.00.00,101,06-MAY-20 07.38.44,"20.05.04"
"oraapexdemo","0001000000198795",05-MAY-20 08.00.00,101,06-MAY-20 07.38.44,"20.05.04"
"oraapexdemo","0001000000198795",05-MAY-20 09.00.00,101,06-MAY-20 07.38.44,"20.05.04"
"oraapexdemo","0001000000198795",05-MAY-20 10.00.00,101,06-MAY-20 07.38.44,"20.05.04"
"melanie","0001000000192384",07-MAY-20 14.00.00,7,14-MAY-20 10.36.30,"20.05.11"
"melanie","0001000000192384",07-MAY-20 15.00.00,7,14-MAY-20 10.36.30,"20.05.11"
"oraapexdemo","0001000000193376",26-APR-20 13.00.00,176,06-MAY-20 07.38.44,"20.05.04"
"oraapexdemo","0001000000193376",26-APR-20 14.00.00,176,06-MAY-20 07.38.44,"20.05.04"
"oraapexdemo","0001000000193376",26-APR-20 15.00.00,176,06-MAY-20 07.38.44,"20.05.04"
"oraapexdemo","0001000000193376",26-APR-20 16.00.00,176,06-MAY-20 07.38.44,"20.05.04"
"oraapexdemo","0001000000193376",26-APR-20 17.00.00,176,06-MAY-20 07.38.44,"20.05.04"
"oraapexdemo","0001000000193376",26-APR-20 18.00.00,176,06-MAY-20 07.38.44,"20.05.04"
"oraapexdemo","0001000000193376",26-APR-20 19.00.00,176,06-MAY-20 07.38.44,"20.05.04"
"oraapexdemo","0001000000193376",26-APR-20 20.00.00,176,06-MAY-20 07.38.44,"20.05.04"
"oraapexdemo","0001000000193376",26-APR-20 21.00.00,176,06-MAY-20 07.38.44,"20.05.04"
"oraapexdemo","0001000000193376",26-APR-20 22.00.00,176,06-MAY-20 07.38.44,"20.05.04"
"oraapexdemo","0001000000193376",26-APR-20 23.00.00,176,06-MAY-20 07.38.44,"20.05.04"
"oraapexdemo","0001000000193376",27-APR-20 00.00.00,176,06-MAY-20 07.38.44,"20.05.04"
"oraapexdemo","0001000000193376",27-APR-20 01.00.00,176,06-MAY-20 07.38.44,"20.05.04"
"oraapexdemo","0001000000193376",27-APR-20 02.00.00,176,06-MAY-20 07.38.44,"20.05.04"
"oraapexdemo","0001000000193376",27-APR-20 03.00.00,176,06-MAY-20 07.38.44,"20.05.04"
"oraapexdemo","0001000000193376",27-APR-20 04.00.00,176,06-MAY-20 07.38.44,"20.05.04"
"oraapexdemo","0001000000193376",27-APR-20 05.00.00,176,06-MAY-20 07.38.44,"20.05.04"
"oraapexdemo","0001000000193376",27-APR-20 06.00.00,176,06-MAY-20 07.38.44,"20.05.04"
"oraapexdemo","0001000000193376",27-APR-20 07.00.00,176,06-MAY-20 07.38.44,"20.05.04"
"oraapexdemo","0001000000193376",27-APR-20 08.00.00,190,06-MAY-20 07.38.44,"20.05.04"
"oraapexdemo","0001000000193376",27-APR-20 09.00.00,206,06-MAY-20 07.38.44,"20.05.04"
"oraapexdemo","0001000000193376",27-APR-20 10.00.00,206,06-MAY-20 07.38.44,"20.05.04"
"oraapexdemo","0001000000194051",27-APR-20 11.00.00,206,06-MAY-20 07.38.44,"20.05.04"
"oraapexdemo","0001000000194051",27-APR-20 12.00.00,206,06-MAY-20 07.38.44,"20.05.04"
"oraapexdemo","0001000000194051",27-APR-20 13.00.00,206,06-MAY-20 07.38.44,"20.05.04"
"oraapexdemo","0001000000194051",27-APR-20 14.00.00,209,06-MAY-20 07.38.44,"20.05.04"
"oraapexdemo","0001000000194051",27-APR-20 15.00.00,208,06-MAY-20 07.38.44,"20.05.04"
"oraapexdemo","0001000000194051",27-APR-20 16.00.00,206,06-MAY-20 07.38.44,"20.05.04"
"oraapexdemo","0001000000194051",27-APR-20 17.00.00,206,06-MAY-20 07.38.44,"20.05.04"
"oraapexdemo","0001000000194051",27-APR-20 18.00.00,206,06-MAY-20 07.38.44,"20.05.04"
"oraapexdemo","0001000000194051",27-APR-20 19.00.00,206,06-MAY-20 07.38.44,"20.05.04"
"oraapexdemo","0001000000194051",27-APR-20 20.00.00,206,06-MAY-20 07.38.44,"20.05.04"
"oraapexdemo","0001000000194051",27-APR-20 21.00.00,206,06-MAY-20 07.38.44,"20.05.04"
"oraapexdemo","0001000000194051",27-APR-20 22.00.00,206,06-MAY-20 07.38.44,"20.05.04"
"oraapexdemo","0001000000194051",27-APR-20 23.00.00,206,06-MAY-20 07.38.44,"20.05.04"
"oraapexdemo","0001000000194051",28-APR-20 00.00.00,206,06-MAY-20 07.38.44,"20.05.04"
"oraapexdemo","0001000000194051",28-APR-20 01.00.00,206,06-MAY-20 07.38.44,"20.05.04"
"oraapexdemo","0001000000194051",28-APR-20 02.00.00,206,06-MAY-20 07.38.44,"20.05.04"
"oraapexdemo","0001000000194051",28-APR-20 03.00.00,206,06-MAY-20 07.38.44,"20.05.04"
"oraapexdemo","0001000000194051",28-APR-20 04.00.00,206,06-MAY-20 07.38.44,"20.05.04"
"oraapexdemo","0001000000194051",28-APR-20 05.00.00,206,06-MAY-20 07.38.44,"20.05.04"
"oraapexdemo","0001000000194051",28-APR-20 06.00.00,206,06-MAY-20 07.38.44,"20.05.04"
"oraapexdemo","0001000000194051",28-APR-20 07.00.00,206,06-MAY-20 07.38.44,"20.05.04"
"oraapexdemo","0001000000194051",28-APR-20 08.00.00,206,06-MAY-20 07.38.44,"20.05.04"
"oraapexdemo","0001000000194051",28-APR-20 09.00.00,206,06-MAY-20 07.38.44,"20.05.04"
"oraapexdemo","0001000000194051",28-APR-20 10.00.00,206,06-MAY-20 07.38.44,"20.05.04"
"oraapexdemo","0001000000194697",28-APR-20 11.00.00,206,06-MAY-20 07.38.44,"20.05.04"
"oraapexdemo","0001000000194697",28-APR-20 12.00.00,206,06-MAY-20 07.38.44,"20.05.04"
"oraapexdemo","0001000000194697",28-APR-20 13.00.00,208,06-MAY-20 07.38.44,"20.05.04"
"oraapexdemo","0001000000194697",28-APR-20 14.00.00,212,06-MAY-20 07.38.44,"20.05.04"
"oraapexdemo","0001000000194697",28-APR-20 15.00.00,212,06-MAY-20 07.38.44,"20.05.04"
"oraapexdemo","0001000000194697",28-APR-20 16.00.00,212,06-MAY-20 07.38.44,"20.05.04"
"oraapexdemo","0001000000194697",28-APR-20 17.00.00,212,06-MAY-20 07.38.44,"20.05.04"
"oraapexdemo","0001000000194697",28-APR-20 18.00.00,212,06-MAY-20 07.38.44,"20.05.04"
"oraapexdemo","0001000000194697",28-APR-20 19.00.00,212,06-MAY-20 07.38.44,"20.05.04"
"oraapexdemo","0001000000194697",28-APR-20 20.00.00,211,06-MAY-20 07.38.44,"20.05.04"
"oraapexdemo","0001000000194697",28-APR-20 21.00.00,212,06-MAY-20 07.38.44,"20.05.04"
"oraapexdemo","0001000000194697",28-APR-20 22.00.00,212,06-MAY-20 07.38.44,"20.05.04"
"oraapexdemo","0001000000194697",28-APR-20 23.00.00,212,06-MAY-20 07.38.44,"20.05.04"
"oraapexdemo","0001000000194697",29-APR-20 00.00.00,212,06-MAY-20 07.38.44,"20.05.04"
"oraapexdemo","0001000000194697",29-APR-20 01.00.00,211,06-MAY-20 07.38.44,"20.05.04"
"oraapexdemo","0001000000194697",29-APR-20 02.00.00,212,06-MAY-20 07.38.44,"20.05.04"
"oraapexdemo","0001000000194697",29-APR-20 03.00.00,212,06-MAY-20 07.38.44,"20.05.04"
"oraapexdemo","0001000000194697",29-APR-20 04.00.00,212,06-MAY-20 07.38.44,"20.05.04"
"oraapexdemo","0001000000194697",29-APR-20 05.00.00,212,06-MAY-20 07.38.44,"20.05.04"
"oraapexdemo","0001000000194697",29-APR-20 06.00.00,211,06-MAY-20 07.38.44,"20.05.04"
"oraapexdemo","0001000000194697",29-APR-20 07.00.00,213,06-MAY-20 07.38.44,"20.05.04"
"oraapexdemo","0001000000194697",29-APR-20 08.00.00,211,06-MAY-20 07.38.44,"20.05.04"
"oraapexdemo","0001000000194697",29-APR-20 09.00.00,214,06-MAY-20 07.38.44,"20.05.04"
"oraapexdemo","0001000000194697",29-APR-20 10.00.00,224,06-MAY-20 07.38.44,"20.05.04"
"oraapexdemo","0001000000195382",29-APR-20 11.00.00,225,06-MAY-20 07.38.44,"20.05.04"
"oraapexdemo","0001000000195382",29-APR-20 12.00.00,225,06-MAY-20 07.38.44,"20.05.04"
"oraapexdemo","0001000000195382",29-APR-20 13.00.00,227,06-MAY-20 07.38.44,"20.05.04"
"oraapexdemo","0001000000195382",29-APR-20 14.00.00,223,06-MAY-20 07.38.44,"20.05.04"
"oraapexdemo","0001000000195382",29-APR-20 15.00.00,225,06-MAY-20 07.38.44,"20.05.04"
"oraapexdemo","0001000000195382",29-APR-20 16.00.00,224,06-MAY-20 07.38.44,"20.05.04"
"oraapexdemo","0001000000195382",29-APR-20 17.00.00,221,06-MAY-20 07.38.44,"20.05.04"
